algorithm,escenario,cost_total,distance_total_km,runtime_s
aco,alto,6412.453463471682,8997.338962053076,18.614779999945313
aco,bajo,2883.9652550502124,8906.166828092686,18.157752125058323
aco,medio,4398.174723331913,8967.021760845248,18.74486287496984
ga,alto,6731.787194807105,9445.397390735452,38.997865583980456
ga,bajo,3058.5770984099845,9445.397390735452,38.70842562499456
ga,medio,4712.722515528175,9608.323454133355,39.22325904201716
